{
  "train": {
    "split": "train",
    "n": 266208,
    "base_rate": 0.49588667508113954,
    "auc": 0.6127733109496816,
    "accuracy": 0.5741562988339944,
    "log_loss": 0.6753026919483298,
    "brier": 0.24125627867827398,
    "per_ticker_auc": {
      "AFLT": {
        "auc": 0.6179476676171765,
        "n": 14565
      },
      "ALRS": {
        "auc": 0.6171087979838707,
        "n": 14565
      },
      "CHMF": {
        "auc": 0.610638537548811,
        "n": 14566
      },
      "GAZP": {
        "auc": 0.6184424806553399,
        "n": 14567
      },
      "GMKN": {
        "auc": 0.612961964111357,
        "n": 14502
      },
      "LKOH": {
        "auc": 0.6100361373649135,
        "n": 14564
      },
      "MGNT": {
        "auc": 0.6108936738916002,
        "n": 14559
      },
      "MOEX": {
        "auc": 0.6057734698925655,
        "n": 14566
      },
      "MTSS": {
        "auc": 0.6045550120089433,
        "n": 14557
      },
      "NLMK": {
        "auc": 0.6068465001817556,
        "n": 14564
      },
      "NVTK": {
        "auc": 0.6145777404028805,
        "n": 14560
      },
      "PIKK": {
        "auc": 0.599554401710316,
        "n": 14546
      },
      "PLZL": {
        "auc": 0.5926860837874601,
        "n": 14494
      },
      "ROSN": {
        "auc": 0.614132406061242,
        "n": 14566
      },
      "SBER": {
        "auc": 0.6254479783829779,
        "n": 14567
      },
      "SNGSP": {
        "auc": 0.6042564971933033,
        "n": 14545
      },
      "T": {
        "auc": 0.6250813662529557,
        "n": 14262
      },
      "VTBR": {
        "auc": 0.6301331309221044,
        "n": 14507
      },
      "X5": {
        "auc": 0.6350964474223527,
        "n": 1384
      },
      "YDEX": {
        "auc": 0.6268634676269378,
        "n": 3202
      }
    }
  },
  "val": {
    "split": "val",
    "n": 57055,
    "base_rate": 0.4801156778547016,
    "auc": 0.5684477800079856,
    "accuracy": 0.5492069056173867,
    "log_loss": 0.6856035704592132,
    "brier": 0.2462741746222135,
    "per_ticker_auc": {
      "AFLT": {
        "auc": 0.5665697671561762,
        "n": 2859
      },
      "ALRS": {
        "auc": 0.5643563213308376,
        "n": 2861
      },
      "CHMF": {
        "auc": 0.5562743287998054,
        "n": 2862
      },
      "GAZP": {
        "auc": 0.5779331213382576,
        "n": 2862
      },
      "GMKN": {
        "auc": 0.5754948501311031,
        "n": 2862
      },
      "LKOH": {
        "auc": 0.5714051584117728,
        "n": 2862
      },
      "MGNT": {
        "auc": 0.5569762611800474,
        "n": 2859
      },
      "MOEX": {
        "auc": 0.5752915627567007,
        "n": 2853
      },
      "MTSS": {
        "auc": 0.5629892831957729,
        "n": 2841
      },
      "NLMK": {
        "auc": 0.5686252945797329,
        "n": 2860
      },
      "NVTK": {
        "auc": 0.5743650081330246,
        "n": 2822
      },
      "PIKK": {
        "auc": 0.5510972107733005,
        "n": 2862
      },
      "PLZL": {
        "auc": 0.5657394522076267,
        "n": 2839
      },
      "ROSN": {
        "auc": 0.5567633750202224,
        "n": 2859
      },
      "SBER": {
        "auc": 0.5805957238069221,
        "n": 2859
      },
      "SNGSP": {
        "auc": 0.5703990446898326,
        "n": 2859
      },
      "T": {
        "auc": 0.5893821808840147,
        "n": 2836
      },
      "VTBR": {
        "auc": 0.574529068489878,
        "n": 2854
      },
      "X5": {
        "auc": 0.5626122145079709,
        "n": 2862
      },
      "YDEX": {
        "auc": 0.567308895755015,
        "n": 2822
      }
    }
  },
  "test": {
    "split": "test",
    "n": 57028,
    "base_rate": 0.474784316476117,
    "auc": 0.5600253266061863,
    "accuracy": 0.5478536859086764,
    "log_loss": 0.6880848005407659,
    "brier": 0.24747580609686662,
    "per_ticker_auc": {
      "AFLT": {
        "auc": 0.569041116719193,
        "n": 2859
      },
      "ALRS": {
        "auc": 0.5515624070290961,
        "n": 2858
      },
      "CHMF": {
        "auc": 0.5353710336253847,
        "n": 2857
      },
      "GAZP": {
        "auc": 0.5792092125773379,
        "n": 2859
      },
      "GMKN": {
        "auc": 0.5425212657766492,
        "n": 2859
      },
      "LKOH": {
        "auc": 0.5733607432589992,
        "n": 2856
      },
      "MGNT": {
        "auc": 0.5658854502684837,
        "n": 2851
      },
      "MOEX": {
        "auc": 0.5606648389307745,
        "n": 2859
      },
      "MTSS": {
        "auc": 0.5346484986166234,
        "n": 2857
      },
      "NLMK": {
        "auc": 0.5421205962867166,
        "n": 2854
      },
      "NVTK": {
        "auc": 0.5531026527580714,
        "n": 2859
      },
      "PIKK": {
        "auc": 0.5598556074591136,
        "n": 2855
      },
      "PLZL": {
        "auc": 0.5696853471684826,
        "n": 2836
      },
      "ROSN": {
        "auc": 0.5545531412174215,
        "n": 2856
      },
      "SBER": {
        "auc": 0.5941086392008277,
        "n": 2859
      },
      "SNGSP": {
        "auc": 0.5544376897014187,
        "n": 2859
      },
      "T": {
        "auc": 0.5712214726718998,
        "n": 2761
      },
      "VTBR": {
        "auc": 0.5671908352100263,
        "n": 2859
      },
      "X5": {
        "auc": 0.5578292698759914,
        "n": 2856
      },
      "YDEX": {
        "auc": 0.5676759996860653,
        "n": 2859
      }
    }
  },
  "meta": {
    "feature_columns": [
      "ret_1",
      "ret_5",
      "ret_10",
      "ret_20",
      "ret_60",
      "log_ret_1",
      "log_ret_5",
      "log_ret_20",
      "vol_5",
      "vol_10",
      "vol_20",
      "vol_60",
      "ret_skew_20",
      "sma5_ratio",
      "sma10_ratio",
      "sma20_ratio",
      "sma60_ratio",
      "ema12_ratio",
      "ema26_ratio",
      "sma20_slope",
      "ema12_minus_ema26",
      "rsi_14",
      "macd_line",
      "macd_signal",
      "macd_hist",
      "momentum_5",
      "momentum_20",
      "vol_ratio_5",
      "vol_ratio_20",
      "vol_zscore_20",
      "obv_change_5",
      "log_volume",
      "volume_imbalance_5",
      "high_low_range_5",
      "high_low_range_20",
      "bband_position",
      "atr_14_ratio",
      "gap_open_close",
      "hour_sin",
      "hour_cos",
      "dow_sin",
      "dow_cos",
      "brent_log",
      "usd_rub_log",
      "cbr_rate_pct",
      "gold_log",
      "imoex_ret_5",
      "is_post_feb2022",
      "days_since_regime_change",
      "ticker_code"
    ],
    "categorical_features": [
      "ticker_code"
    ],
    "target_horizon": 1,
    "include_macro": true,
    "include_regime": true,
    "feature_importance_top20": [
      {
        "feature": "imoex_ret_5",
        "gain": 27732.32326412201
      },
      {
        "feature": "hour_cos",
        "gain": 14220.602358818054
      },
      {
        "feature": "hour_sin",
        "gain": 13339.473484039307
      },
      {
        "feature": "ret_1",
        "gain": 10497.973648071289
      },
      {
        "feature": "days_since_regime_change",
        "gain": 9561.214338302612
      },
      {
        "feature": "sma5_ratio",
        "gain": 8059.355204582214
      },
      {
        "feature": "ticker_code",
        "gain": 6629.719281196594
      },
      {
        "feature": "rsi_14",
        "gain": 5985.975754737854
      },
      {
        "feature": "sma20_ratio",
        "gain": 4428.376377105713
      },
      {
        "feature": "bband_position",
        "gain": 3971.6990489959717
      },
      {
        "feature": "ema12_ratio",
        "gain": 3010.650387763977
      },
      {
        "feature": "log_ret_1",
        "gain": 2670.8920917510986
      },
      {
        "feature": "atr_14_ratio",
        "gain": 2569.893094062805
      },
      {
        "feature": "sma10_ratio",
        "gain": 2306.650100708008
      },
      {
        "feature": "ret_60",
        "gain": 2166.7560958862305
      },
      {
        "feature": "dow_sin",